<?xml version="1.0" encoding="ISO-8859-1"?>
<metadata>
  <idinfo>
    <citation>
      <citeinfo>
        <origin />
        <pubdate />
        <title />
        <geoform />
      </citeinfo>
    </citation>
    <descript>
      <abstract />
      <purpose />
    </descript>
    <timeperd>
      <timeinfo>
        <rngdates>
          <begdate>Unknown</begdate>
          <enddate>Unknown</enddate>
        </rngdates>
      </timeinfo>
      <current>
      </current>
    </timeperd>
    <status>
      <progress />
      <update />
    </status>
    <spdom>
      <bounding>
        <westbc>-110.06</westbc>
        <eastbc>-109.2</eastbc>
        <northbc>40.899</northbc>
        <southbc>40.27</southbc>
      </bounding>
    </spdom>
    <keywords>
      <theme>
        <themekt>None</themekt>
        <themekey />
      </theme>
    </keywords>
    <accconst>None</accconst>
    <useconst>None</useconst>
  </idinfo>
  <dataqual>
    <logic />
    <complete />
    <lineage>
      <procstep>
        <procdesc>Downloaded from http://www3.epa.gov/ceampubl/basins/gis_data/huc/14060002/14060002_core31.exe</procdesc>
        <procdate>20160321</procdate>
        <proctime>105751</proctime>
      </procstep>
      <procstep>
        <procdesc>Read from cache file created 2016-03-21 10:57 '\Basins41\data\cache\clsBASINS\14060002_core31.exe'</procdesc>
        <procdate>20160321</procdate>
        <proctime>105752</proctime>
      </procstep>
      <procstep>
        <procdesc>Projected from '+proj=latlong +datum=NAD83' to '+proj=aea +ellps=GRS80 +lon_0=-96 +lat_0=23.0 +lat_1=29.5 +lat_2=45.5 +x_0=0 +y_0=0 +datum=NAD83 +units=m'</procdesc>
        <procdate>20160321</procdate>
        <proctime>105753</proctime>
      </procstep>
    </lineage>
  </dataqual>
  <metainfo>
    <metd>20160321</metd>
    <metc>
      <cntinfo>
        <cntperp>
          <cntper />
        </cntperp>
        <cntaddr>
          <addrtype />
          <city />
          <state />
          <postal />
        </cntaddr>
        <cntvoice />
      </cntinfo>
    </metc>
    <metstdn>FGDC Content Standard for Digital Geospatial Metadata</metstdn>
    <metstdv>FGDC-STD-001-1998</metstdv>
  </metainfo>
</metadata>